country_id,country_name
13855230,country_name-13855230
13855231,country_name-13855231
13855232,country_name-13855232
13855233,country_name-13855233
13855234,country_name-13855234
13855235,country_name-13855235
13855236,country_name-13855236
13855237,country_name-13855237
13855238,country_name-13855238
13855239,country_name-13855239
13855240,country_name-13855240
13855241,country_name-13855241
13855242,country_name-13855242
13855243,country_name-13855243
13855244,country_name-13855244
13855245,country_name-13855245
13855246,country_name-13855246
13855247,country_name-13855247
13855248,country_name-13855248
13855249,country_name-13855249
13855250,country_name-13855250
13855251,country_name-13855251
13855252,country_name-13855252
13855253,country_name-13855253
13855254,country_name-13855254
13855255,country_name-13855255
13855256,country_name-13855256
13855257,country_name-13855257
13855258,country_name-13855258
13855259,country_name-13855259
13855260,country_name-13855260
13855261,country_name-13855261
13855262,country_name-13855262
13855263,country_name-13855263
13855264,country_name-13855264
13855265,country_name-13855265
13855266,country_name-13855266
13855267,country_name-13855267
13855268,country_name-13855268
13855269,country_name-13855269
13855270,country_name-13855270
13855271,country_name-13855271
13855272,country_name-13855272
13855273,country_name-13855273
13855274,country_name-13855274
13855275,country_name-13855275
13855276,country_name-13855276
13855277,country_name-13855277
13855278,country_name-13855278
13855279,country_name-13855279