reference_id,direction,ref_type,ref_id,snapshot_data,created_at,action_action_id
12729915,n-12729915,ref_type-12729915,ref_id-12729915,snapshot_data-12729915,2022-12-06T08:00:00.000Z,355864
12729916,n-12729916,ref_type-12729916,ref_id-12729916,snapshot_data-12729916,2012-06-04T08:00:00.000Z,355864
12729917,n-12729917,ref_type-12729917,ref_id-12729917,snapshot_data-12729917,2010-04-13T08:00:00.000Z,355864
12729918,n-12729918,ref_type-12729918,ref_id-12729918,snapshot_data-12729918,2023-12-17T08:00:00.000Z,355864
12729919,n-12729919,ref_type-12729919,ref_id-12729919,snapshot_data-12729919,2006-06-27T08:00:00.000Z,355864
12729920,n-12729920,ref_type-12729920,ref_id-12729920,snapshot_data-12729920,2023-07-11T08:00:00.000Z,355864
12729921,n-12729921,ref_type-12729921,ref_id-12729921,snapshot_data-12729921,2010-04-17T08:00:00.000Z,355864
12729922,n-12729922,ref_type-12729922,ref_id-12729922,snapshot_data-12729922,2023-07-11T08:00:00.000Z,355864
12729923,n-12729923,ref_type-12729923,ref_id-12729923,snapshot_data-12729923,2008-01-17T08:00:00.000Z,355864
12729924,n-12729924,ref_type-12729924,ref_id-12729924,snapshot_data-12729924,2004-01-21T08:00:00.000Z,355864
12729925,n-12729925,ref_type-12729925,ref_id-12729925,snapshot_data-12729925,2010-02-14T08:00:00.000Z,355864
12729926,n-12729926,ref_type-12729926,ref_id-12729926,snapshot_data-12729926,2014-02-03T08:00:00.000Z,355864
12729927,n-12729927,ref_type-12729927,ref_id-12729927,snapshot_data-12729927,2001-04-01T08:00:00.000Z,355864
12729928,n-12729928,ref_type-12729928,ref_id-12729928,snapshot_data-12729928,2020-05-28T08:00:00.000Z,355864
12729929,n-12729929,ref_type-12729929,ref_id-12729929,snapshot_data-12729929,2023-07-20T08:00:00.000Z,355864
12729930,n-12729930,ref_type-12729930,ref_id-12729930,snapshot_data-12729930,2018-11-16T08:00:00.000Z,355864
12729931,n-12729931,ref_type-12729931,ref_id-12729931,snapshot_data-12729931,2004-10-05T08:00:00.000Z,355864
12729932,n-12729932,ref_type-12729932,ref_id-12729932,snapshot_data-12729932,2019-10-27T08:00:00.000Z,355864
12729933,n-12729933,ref_type-12729933,ref_id-12729933,snapshot_data-12729933,2005-07-17T08:00:00.000Z,355864
12729934,n-12729934,ref_type-12729934,ref_id-12729934,snapshot_data-12729934,2002-06-30T08:00:00.000Z,355864
12729935,n-12729935,ref_type-12729935,ref_id-12729935,snapshot_data-12729935,2000-05-08T08:00:00.000Z,355864
12729936,n-12729936,ref_type-12729936,ref_id-12729936,snapshot_data-12729936,2000-10-24T08:00:00.000Z,355864
12729937,n-12729937,ref_type-12729937,ref_id-12729937,snapshot_data-12729937,2016-07-21T08:00:00.000Z,355864
12729938,n-12729938,ref_type-12729938,ref_id-12729938,snapshot_data-12729938,2017-05-20T08:00:00.000Z,355864
12729939,n-12729939,ref_type-12729939,ref_id-12729939,snapshot_data-12729939,2013-11-28T08:00:00.000Z,355864
12729940,n-12729940,ref_type-12729940,ref_id-12729940,snapshot_data-12729940,2012-09-12T08:00:00.000Z,355864
12729941,n-12729941,ref_type-12729941,ref_id-12729941,snapshot_data-12729941,2007-04-10T08:00:00.000Z,355864
12729942,n-12729942,ref_type-12729942,ref_id-12729942,snapshot_data-12729942,2010-05-27T08:00:00.000Z,355864
12729943,n-12729943,ref_type-12729943,ref_id-12729943,snapshot_data-12729943,2016-05-01T08:00:00.000Z,355864
12729944,n-12729944,ref_type-12729944,ref_id-12729944,snapshot_data-12729944,2003-09-01T08:00:00.000Z,355864
12729945,n-12729945,ref_type-12729945,ref_id-12729945,snapshot_data-12729945,2015-03-27T08:00:00.000Z,355864
12729946,n-12729946,ref_type-12729946,ref_id-12729946,snapshot_data-12729946,2011-09-06T08:00:00.000Z,355864
12729947,n-12729947,ref_type-12729947,ref_id-12729947,snapshot_data-12729947,2003-11-12T08:00:00.000Z,355864
12729948,n-12729948,ref_type-12729948,ref_id-12729948,snapshot_data-12729948,2012-05-09T08:00:00.000Z,355864
12729949,n-12729949,ref_type-12729949,ref_id-12729949,snapshot_data-12729949,2005-11-05T08:00:00.000Z,355864
12729950,n-12729950,ref_type-12729950,ref_id-12729950,snapshot_data-12729950,2003-02-25T08:00:00.000Z,355864
12729951,n-12729951,ref_type-12729951,ref_id-12729951,snapshot_data-12729951,2014-10-19T08:00:00.000Z,355864
12729952,n-12729952,ref_type-12729952,ref_id-12729952,snapshot_data-12729952,2013-01-24T08:00:00.000Z,355864
12729953,n-12729953,ref_type-12729953,ref_id-12729953,snapshot_data-12729953,2011-08-30T08:00:00.000Z,355864
12729954,n-12729954,ref_type-12729954,ref_id-12729954,snapshot_data-12729954,2002-10-07T08:00:00.000Z,355864
12729955,n-12729955,ref_type-12729955,ref_id-12729955,snapshot_data-12729955,2018-12-12T08:00:00.000Z,355864
12729956,n-12729956,ref_type-12729956,ref_id-12729956,snapshot_data-12729956,2022-12-05T08:00:00.000Z,355864
12729957,n-12729957,ref_type-12729957,ref_id-12729957,snapshot_data-12729957,2018-11-25T08:00:00.000Z,355864
12729958,n-12729958,ref_type-12729958,ref_id-12729958,snapshot_data-12729958,2008-04-14T08:00:00.000Z,355864
12729959,n-12729959,ref_type-12729959,ref_id-12729959,snapshot_data-12729959,2005-05-27T08:00:00.000Z,355864
12729960,n-12729960,ref_type-12729960,ref_id-12729960,snapshot_data-12729960,2017-03-19T08:00:00.000Z,355864
12729961,n-12729961,ref_type-12729961,ref_id-12729961,snapshot_data-12729961,2006-12-26T08:00:00.000Z,355864
12729962,n-12729962,ref_type-12729962,ref_id-12729962,snapshot_data-12729962,2010-07-23T08:00:00.000Z,355864
12729963,n-12729963,ref_type-12729963,ref_id-12729963,snapshot_data-12729963,2008-05-22T08:00:00.000Z,355864
12729964,n-12729964,ref_type-12729964,ref_id-12729964,snapshot_data-12729964,2010-07-05T08:00:00.000Z,355864