allocation_id,allocated_quantity,total_effective_cost,rationale_summary,created_at,suggested_by_agent,scenario_scenario_id,vendor_vendor_id,product_product_id
17098296,84,36.67175212455656,rationale_summary-17098296,2022-08-02T08:00:00.000Z,true,21401597,8633826,12539632
17098297,90,45.05311501552199,rationale_summary-17098297,2018-11-08T08:00:00.000Z,false,21401597,8633826,12539632
17098298,11,2.6052591594574603,rationale_summary-17098298,2021-10-20T08:00:00.000Z,true,21401597,8633826,12539632
17098299,88,0.17066569250114522,rationale_summary-17098299,2022-05-29T08:00:00.000Z,false,21401597,8633826,12539632
17098300,95,63.86719962114293,rationale_summary-17098300,2020-03-10T08:00:00.000Z,true,21401597,8633826,12539632
17098301,19,22.03245625287249,rationale_summary-17098301,2008-10-02T08:00:00.000Z,false,21401597,8633826,12539632
17098302,21,96.64793445732464,rationale_summary-17098302,2023-10-14T08:00:00.000Z,true,21401597,8633826,12539632
17098303,13,87.67689846779156,rationale_summary-17098303,2006-01-14T08:00:00.000Z,false,21401597,8633826,12539632
17098304,24,30.775442846473382,rationale_summary-17098304,2009-08-08T08:00:00.000Z,true,21401597,8633826,12539632
17098305,0,69.1159359774861,rationale_summary-17098305,2006-10-16T08:00:00.000Z,false,21401597,8633826,12539632
17098306,78,83.02565253585364,rationale_summary-17098306,2009-12-29T08:00:00.000Z,true,21401597,8633826,12539632
17098307,19,87.46110062157182,rationale_summary-17098307,2012-07-04T08:00:00.000Z,false,21401597,8633826,12539632
17098308,55,72.43275746538882,rationale_summary-17098308,2006-10-28T08:00:00.000Z,true,21401597,8633826,12539632
17098309,62,47.778120249102045,rationale_summary-17098309,2002-05-11T08:00:00.000Z,false,21401597,8633826,12539632
17098310,45,56.97397673911267,rationale_summary-17098310,2015-06-08T08:00:00.000Z,true,21401597,8633826,12539632
17098311,59,90.83154506235167,rationale_summary-17098311,2004-04-14T08:00:00.000Z,false,21401597,8633826,12539632
17098312,88,56.5312215308036,rationale_summary-17098312,2000-07-04T08:00:00.000Z,true,21401597,8633826,12539632
17098313,66,21.56856845881484,rationale_summary-17098313,2019-10-07T08:00:00.000Z,false,21401597,8633826,12539632
17098314,30,14.08225475846666,rationale_summary-17098314,2021-01-26T08:00:00.000Z,true,21401597,8633826,12539632
17098315,45,57.33598753155411,rationale_summary-17098315,2000-10-13T08:00:00.000Z,false,21401597,8633826,12539632
17098316,67,59.88583934854107,rationale_summary-17098316,2009-02-10T08:00:00.000Z,true,21401597,8633826,12539632
17098317,48,96.50296145731066,rationale_summary-17098317,2016-02-04T08:00:00.000Z,false,21401597,8633826,12539632
17098318,16,20.06711633704029,rationale_summary-17098318,2020-02-05T08:00:00.000Z,true,21401597,8633826,12539632
17098319,64,20.55591634982999,rationale_summary-17098319,2005-09-24T08:00:00.000Z,false,21401597,8633826,12539632
17098320,91,24.99921952624488,rationale_summary-17098320,2016-08-16T08:00:00.000Z,true,21401597,8633826,12539632
17098321,3,98.40146386664573,rationale_summary-17098321,2017-10-14T08:00:00.000Z,false,21401597,8633826,12539632
17098322,70,95.51680769114085,rationale_summary-17098322,2010-01-16T08:00:00.000Z,true,21401597,8633826,12539632
17098323,97,23.731604265062483,rationale_summary-17098323,2009-12-21T08:00:00.000Z,false,21401597,8633826,12539632
17098324,22,69.54883141049358,rationale_summary-17098324,2007-06-12T08:00:00.000Z,true,21401597,8633826,12539632
17098325,20,74.62905467130537,rationale_summary-17098325,2017-12-06T08:00:00.000Z,false,21401597,8633826,12539632
17098326,18,54.41639886136432,rationale_summary-17098326,2019-12-08T08:00:00.000Z,true,21401597,8633826,12539632
17098327,40,71.86105099854694,rationale_summary-17098327,2000-04-12T08:00:00.000Z,false,21401597,8633826,12539632
17098328,44,57.94154075338125,rationale_summary-17098328,2009-01-22T08:00:00.000Z,true,21401597,8633826,12539632
17098329,18,60.17213789259246,rationale_summary-17098329,2016-06-29T08:00:00.000Z,false,21401597,8633826,12539632
17098330,23,83.70644279826026,rationale_summary-17098330,2004-12-23T08:00:00.000Z,true,21401597,8633826,12539632
17098331,36,7.481309856514935,rationale_summary-17098331,2005-10-27T08:00:00.000Z,false,21401597,8633826,12539632
17098332,14,65.88688002217552,rationale_summary-17098332,2017-11-12T08:00:00.000Z,true,21401597,8633826,12539632
17098333,76,95.36329668589444,rationale_summary-17098333,2022-05-07T08:00:00.000Z,false,21401597,8633826,12539632
17098334,52,75.37568167144245,rationale_summary-17098334,2020-07-01T08:00:00.000Z,true,21401597,8633826,12539632
17098335,38,63.67834385483289,rationale_summary-17098335,2006-05-01T08:00:00.000Z,false,21401597,8633826,12539632
17098336,99,48.50081376977258,rationale_summary-17098336,2004-04-03T08:00:00.000Z,true,21401597,8633826,12539632
17098337,32,33.68045428104331,rationale_summary-17098337,2017-09-21T08:00:00.000Z,false,21401597,8633826,12539632
17098338,36,50.06801765834459,rationale_summary-17098338,2002-06-14T08:00:00.000Z,true,21401597,8633826,12539632
17098339,38,3.0690745708684646,rationale_summary-17098339,2018-12-12T08:00:00.000Z,false,21401597,8633826,12539632
17098340,53,16.22926567616155,rationale_summary-17098340,2011-03-25T08:00:00.000Z,true,21401597,8633826,12539632
17098341,82,54.763379239876464,rationale_summary-17098341,2019-11-23T08:00:00.000Z,false,21401597,8633826,12539632
17098342,28,67.27212652536987,rationale_summary-17098342,2016-08-11T08:00:00.000Z,true,21401597,8633826,12539632
17098343,44,33.55165408194697,rationale_summary-17098343,2019-03-24T08:00:00.000Z,false,21401597,8633826,12539632
17098344,55,73.61143018920319,rationale_summary-17098344,2022-04-20T08:00:00.000Z,true,21401597,8633826,12539632
17098345,89,80.76601736705165,rationale_summary-17098345,2018-09-29T08:00:00.000Z,false,21401597,8633826,12539632